{"cameraMode":{"drawMode":0,"name":"Shaded","section":"Shading Mode"},"sceneLighting":true,"audioPlay":false,"sceneViewState":{"showFog":true,"showMaterialUpdate":false,"showSkybox":true,"showFlares":true,"showImageEffects":true,"showParticleSystems":true},"in2DMode":false,"pivot":{"x":7.080339431762695,"y":-2.1714115142822267,"z":1.1814504861831666},"rotation":{"x":0.1180439367890358,"y":0.5892259478569031,"z":-0.08090312033891678,"w":0.7951949834823608},"size":10.0,"orthographic":false}